{"cameraMode":{"drawMode":0,"name":"Shaded","section":"Shading Mode"},"sceneLighting":false,"audioPlay":false,"sceneViewState":{"m_AlwaysRefresh":false,"showFog":false,"showSkybox":false,"showFlares":false,"showImageEffects":false,"showParticleSystems":false,"showVisualEffectGraphs":true,"m_FxEnabled":true},"in2DMode":false,"pivot":{"x":0.06977109611034394,"y":1.19858980178833,"z":-0.43999308347702029},"rotation":{"x":0.007027312647551298,"y":0.992229700088501,"z":-0.11088158935308457,"w":0.06017311289906502},"size":1.4548455476760865,"orthographic":false}