{"cameraMode":{"drawMode":0,"name":"Shaded","section":"Shading Mode"},"sceneLighting":false,"audioPlay":false,"sceneViewState":{"m_AlwaysRefresh":false,"showFog":false,"showSkybox":false,"showFlares":false,"showImageEffects":false,"showParticleSystems":false,"showVisualEffectGraphs":true,"m_FxEnabled":true},"in2DMode":false,"pivot":{"x":0.15052726864814759,"y":0.8038868308067322,"z":0.031139150261878969},"rotation":{"x":-0.0005287138628773391,"y":-0.9981895089149475,"z":0.06190371513366699,"w":0.04172971844673157},"size":1.1160683631896973,"orthographic":false}