{"cameraMode":{"drawMode":0,"name":"Shaded","section":"Shading Mode"},"sceneLighting":false,"audioPlay":false,"sceneViewState":{"m_AlwaysRefresh":false,"showFog":false,"showSkybox":false,"showFlares":false,"showImageEffects":false,"showParticleSystems":false,"showVisualEffectGraphs":true,"m_FxEnabled":true},"in2DMode":false,"pivot":{"x":0.009561624377965927,"y":0.7183225154876709,"z":-1.180314064025879},"rotation":{"x":-0.010947870090603829,"y":-0.9807274341583252,"z":0.19693320989608766,"w":-0.03506157919764519},"size":1.1160683631896973,"orthographic":false}