{"cameraMode":{"drawMode":0,"name":"Shaded","section":"Shading Mode"},"sceneLighting":false,"audioPlay":false,"sceneViewState":{"m_AlwaysRefresh":false,"showFog":false,"showSkybox":false,"showFlares":false,"showImageEffects":false,"showParticleSystems":false,"showVisualEffectGraphs":true,"m_FxEnabled":true},"in2DMode":false,"pivot":{"x":1.0770090818405152,"y":1.0901621580123902,"z":-0.31714358925819399},"rotation":{"x":-0.024575354531407357,"y":-0.7665035724639893,"z":0.026809344068169595,"w":-0.6427348852157593},"size":1.115899682044983,"orthographic":false}