{"cameraMode":{"drawMode":0,"name":"Shaded","section":"Shading Mode"},"sceneLighting":false,"audioPlay":false,"sceneViewState":{"m_AlwaysRefresh":false,"showFog":true,"showSkybox":false,"showFlares":true,"showImageEffects":true,"showParticleSystems":true,"showVisualEffectGraphs":true,"m_FxEnabled":true},"in2DMode":false,"pivot":{"x":-7.2900004386901859,"y":2.7900004386901857,"z":-9.319999694824219},"rotation":{"x":0.27346354722976687,"y":-0.039592377841472629,"z":0.03001254051923752,"w":0.9620179533958435},"size":5.705601692199707,"orthographic":false}