{"cameraMode":{"drawMode":0,"name":"Shaded","section":"Shading Mode"},"sceneLighting":false,"audioPlay":false,"sceneViewState":{"m_AlwaysRefresh":false,"showFog":true,"showSkybox":false,"showFlares":true,"showImageEffects":true,"showParticleSystems":true,"showVisualEffectGraphs":true,"m_FxEnabled":true},"in2DMode":false,"pivot":{"x":0.0029714107513427736,"y":-0.007874011993408203,"z":-0.025093555450439454},"rotation":{"x":0.14685837924480439,"y":-0.19522447884082795,"z":0.029959728941321374,"w":0.97020024061203},"size":5.443460464477539,"orthographic":false}