{"cameraMode":{"drawMode":0,"name":"Shaded","section":"Shading Mode"},"sceneLighting":false,"audioPlay":false,"sceneViewState":{"m_AlwaysRefresh":false,"showFog":true,"showSkybox":false,"showFlares":true,"showImageEffects":true,"showParticleSystems":true,"showVisualEffectGraphs":true,"m_FxEnabled":true},"in2DMode":false,"pivot":{"x":0.20999997854232789,"y":0.7400000095367432,"z":29.670000076293947},"rotation":{"x":0.21238689124584199,"y":0.08608223497867584,"z":-0.0186005886644125,"w":0.9734087586402893},"size":0.8660253882408142,"orthographic":false}