{"cameraMode":{"drawMode":0,"name":"Shaded","section":"Shading Mode"},"sceneLighting":false,"audioPlay":false,"sceneViewState":{"m_AlwaysRefresh":false,"showFog":true,"showSkybox":false,"showFlares":true,"showImageEffects":true,"showParticleSystems":true,"showVisualEffectGraphs":true,"m_FxEnabled":true},"in2DMode":false,"pivot":{"x":-2.9764790534973146,"y":7.590389251708984,"z":-1.7158596515655518},"rotation":{"x":-0.41157373785972597,"y":0.05400538817048073,"z":-0.024918746203184129,"w":-0.9099231958389282},"size":6.227818965911865,"orthographic":false}