{"cameraMode":{"drawMode":0,"name":"Shaded","section":"Shading Mode"},"sceneLighting":false,"audioPlay":false,"sceneViewState":{"m_AlwaysRefresh":false,"showFog":true,"showSkybox":false,"showFlares":true,"showImageEffects":true,"showParticleSystems":true,"showVisualEffectGraphs":true,"m_FxEnabled":true},"in2DMode":false,"pivot":{"x":2.340184450149536,"y":0.5530092120170593,"z":0.052227314561605456},"rotation":{"x":0.237159863114357,"y":0.037254467606544498,"z":0.006086445413529873,"w":0.9720011949539185},"size":2.569343328475952,"orthographic":false}