{"cameraMode":{"drawMode":0,"name":"Shaded","section":"Shading Mode"},"sceneLighting":false,"audioPlay":false,"sceneViewState":{"m_AlwaysRefresh":false,"showFog":true,"showSkybox":false,"showFlares":true,"showImageEffects":true,"showParticleSystems":true,"showVisualEffectGraphs":true,"m_FxEnabled":true},"in2DMode":false,"pivot":{"x":1.1370468139648438,"y":-21.131248474121095,"z":0.2993488311767578},"rotation":{"x":0.14685837924480439,"y":-0.19522447884082795,"z":0.029959728941321374,"w":0.97020024061203},"size":34.801490783691409,"orthographic":false}