{"cameraMode":{"drawMode":0,"name":"Shaded","section":"Shading Mode"},"sceneLighting":false,"audioPlay":false,"sceneViewState":{"m_AlwaysRefresh":false,"showFog":true,"showSkybox":false,"showFlares":true,"showImageEffects":true,"showParticleSystems":true,"showVisualEffectGraphs":true,"m_FxEnabled":true},"in2DMode":false,"pivot":{"x":-115.22454071044922,"y":94.33859252929688,"z":78.54319763183594},"rotation":{"x":-0.17795415222644807,"y":-0.030158329755067827,"z":0.0038939411751925947,"w":-0.984327495098114},"size":10.229169845581055,"orthographic":false}