{"cameraMode":{"drawMode":0,"name":"Shaded","section":"Shading Mode"},"sceneLighting":false,"audioPlay":false,"sceneViewState":{"m_AlwaysRefresh":false,"showFog":true,"showSkybox":false,"showFlares":true,"showImageEffects":true,"showParticleSystems":true,"showVisualEffectGraphs":true,"m_FxEnabled":true},"in2DMode":false,"pivot":{"x":0.05504763126373291,"y":0.9112963080406189,"z":-10.038093566894532},"rotation":{"x":-0.00044088109279982746,"y":-0.9975904822349548,"z":0.0364573635160923,"w":0.07207205891609192},"size":1.059455156326294,"orthographic":false}