{"cameraMode":{"drawMode":0,"name":"Shaded","section":"Shading Mode"},"sceneLighting":false,"audioPlay":false,"sceneViewState":{"m_AlwaysRefresh":false,"showFog":true,"showSkybox":false,"showFlares":true,"showImageEffects":true,"showParticleSystems":true,"showVisualEffectGraphs":true,"m_FxEnabled":true},"in2DMode":false,"pivot":{"x":7.4998345375061039,"y":2.5097134113311769,"z":-8.619669914245606},"rotation":{"x":0.27346354722976687,"y":-0.039592377841472629,"z":0.03001254051923752,"w":0.9620179533958435},"size":5.586852550506592,"orthographic":false}